{"cameraMode":{"drawMode":0,"name":"Shaded","section":"Shading Mode"},"sceneLighting":false,"audioPlay":false,"sceneViewState":{"showFog":true,"showMaterialUpdate":false,"showSkybox":false,"showFlares":true,"showImageEffects":true,"showParticleSystems":true},"in2DMode":false,"pivot":{"x":-9.355830192565918,"y":4.619999885559082,"z":-13.8100004196167},"rotation":{"x":-0.07822944223880768,"y":-0.008063544519245625,"z":0.0006228372803889215,"w":-0.9969233870506287},"size":5.542564868927002,"orthographic":false}