{"cameraMode":{"drawMode":0,"name":"Shaded","section":"Shading Mode"},"sceneLighting":false,"audioPlay":false,"sceneViewState":{"showFog":true,"showMaterialUpdate":false,"showSkybox":false,"showFlares":true,"showImageEffects":true,"showParticleSystems":true},"in2DMode":false,"pivot":{"x":-24.389999389648439,"y":4.809999942779541,"z":-9.329999923706055},"rotation":{"x":0.08686428517103195,"y":0.01760304719209671,"z":-0.0016720716375857592,"w":0.9959368109703064},"size":4.330127239227295,"orthographic":false}