{"cameraMode":{"drawMode":0,"name":"Shaded","section":"Shading Mode"},"sceneLighting":false,"audioPlay":false,"sceneViewState":{"showFog":true,"showMaterialUpdate":false,"showSkybox":false,"showFlares":true,"showImageEffects":true,"showParticleSystems":true},"in2DMode":false,"pivot":{"x":302.2912292480469,"y":182.2091827392578,"z":205.06683349609376},"rotation":{"x":0.02999076060950756,"y":0.002693824702873826,"z":-0.000393744558095932,"w":0.9993894696235657},"size":366.03448486328127,"orthographic":false}